Conference,Deadline,Start,End,Location,Submission fee,Topics of interest
Florida State University Truist Beach Conference,2025-12-06,2026-04-23,2026-04-25,"Hilton Sandestin Beach Golf Resort and Spa, Miramar Beach, Florida",N/A,All areas of finance (empirical and theoretical)
Adam Smith Workshops 2026,2025-12-07,2026-04-09,2026-04-10,London Business School,N/A,"Asset Pricing, Behavioral Finance, Corporate Finance, Financial Intermediation, Household Finance, International Finance (papers in all areas of finance; two parallel streams for Asset Pricing and Corporate Finance, plus a joint session)"
"International Conference on Sustainability, Technology, and the Transformation of Accounting and Finance (STTAF 2026)",2026-02-28,2026-04-08,2026-04-09,Kingdom of Bahrain,N/A,"Climate Finance; Artificial Intelligence (AI) and Machine Learning in Finance and Accounting; Green Finance, Sustainable Finance, ESG Reporting, and Climate Risk; FinTech, Blockchain, and Digital Currencies; Corporate Governance and Technological Innovation; Big Data in Accounting and Finance; Green Accounting and Carbon Disclosure; RegTech and Financial Compliance; Data Analytics and Financial Decision-Making; Digital Transformation in Public Sector Accounting; Ethical Implications of AI and Automation in Financial Services; Evolving Accounting Standards in Response to Sustainability/Technology"
"Disclosure, Information Sharing, and Secrecy (DISS) Workshop",2025-11-15,2026-02-23,2026-02-24,Online,N/A,"Economics of disclosure, information sharing, and secrecy; information disclosure (or non-disclosure) in economics, accounting, management science, and related disciplines"
9th World Symposium on Investment Research (with Review of Finance),2025-11-20,2026-05-03,2026-05-04,"Edinburgh, Scotland, United Kingdom",N/A,Arbitrage in Asset Markets; Corporate Decisions and Asset Returns; Firm Governance and Valuation; Global Investment Issues; Hedge Funds and Other Alternative Investments; High-Frequency Trading; Investor Behavior and Performance; Liquidity and Security Returns; Mutual Funds and Pension Funds; Portfolio Rebalancing Strategies; Real Economy and Asset Prices; Return Predictability
11th Annual University of Connecticut Finance Conference,2026-01-12,2026-05-12,2026-05-12,"Storrs, CT",60 USD,All areas of finance (unpublished empirical or theoretical papers)
2nd Annual Conference on the Economics and Finance of Healthcare and Medicine,2025-11-09,2026-02-22,2026-02-23,"WashU Olin Business School, St. Louis, MO",$75 USD,"Economics and finance of healthcare and medicine; intersection of healthcare/medicine and economics/finance; theoretical, empirical, and policy-oriented papers on these topics"
1st Global Banking and Finance Conference 2026 – XLRI Delhi NCR,2025-11-15,2026-02-05,2026-02-07,"XLRI Xavier School of Management Delhi-NCR, Jhajjar, India",No submission fee,Banking and Finance; Sustainable Finance
27th Annual Texas Finance Festival,2025-11-18,2026-04-09,2026-04-11,"Austin, Texas",N/A,any topic in financial economics
2026 Asian Finance Association Annual Conference,2026-02-13,2026-07-02,2026-07-04,"Seoul, Korea",N/A,N/A
2026 Bretton Woods Accounting and Finance Ski Conference,2025-11-01,2026-03-04,2026-03-07,"Bretton Woods, New Hampshire",USD 79 per paper,All areas of accounting and finance
Professor James R. Lothian Memorial Workshop,2025-10-24,2025-11-21,2025-11-21,"Gabelli School of Business, Fordham University, New York City",N/A,"All topics in finance and economics; emphasis on international finance, monetary economics, and the history of economic thought"
SGF 2026 Conference,2025-10-31,2026-03-27,2026-03-27,"Zurich, Switzerland",CHF 60,All topic areas of finance (including track areas: Asset Pricing; Corporate Finance & Governance; Financial Intermediation and Institutions; Behavioral Finance & Household Finance; Financial Markets General)
SWFA 2026 Conference (65th Annual Meeting of the Southwestern Finance Association),2025-10-22,2026-03-25,2026-03-27,"Hyatt Regency Dallas, 300 Reunion Blvd, Dallas, TX 75207",Regular (Non-Doctoral Student): $75; Doctoral Student: $40 USD,"AI, Machine Learning, and Finance; ESG and Sustainable Finance; Asset Pricing; FinTech and Cryptocurrencies; Banking and Financial Institutions; International Finance; Corporate Finance; Risk Management and Derivatives; Financial Markets and Investments; Finance in the Classroom; Behavioral Finance; Financial Engineering"
University of Kentucky Finance Conference,2025-11-17,2026-04-23,2026-04-25,"Lexington, KY, USA",N/A,All areas of finance
Tenth Annual Young Scholars Finance Consortium,2025-11-18,2026-03-19,2026-03-21,"College Station, Texas, USA",Regular: $100 USD; PhD-only: $50 USD,"Asset pricing, investments; corporate finance and financial intermediation; theoretical and empirical finance research"
21st European Winter Finance Summit,2025-10-19,2026-03-15,2026-03-18,"Saas-Fee, Switzerland",CHF 60,All areas of finance (empirical and theoretical contributions)
Finance Down Under: Building on the Best from the Cellars of Finance,2025-10-09,2026-02-26,2026-02-28,"Melbourne, Australia",US$100 per submission,Asset pricing; corporate finance; all areas of finance; gender finance (session)
ASU Sonoran Winter Finance Conference 2026,2025-11-19,2026-02-26,2026-02-28,"Omni Montelucia, Scottsdale, Arizona",N/A,All areas of finance (theoretical and empirical contributions)
The Friends of Women in Finance 4th Symposium in Greater New York (FWFS-GNY),2025-11-03,2025-12-12,2025-12-12,"Hofstra University, Hempstead, New York, USA",0 USD (free),"fintech and AI, social and behavioral finance, corporate finance and governance, financial markets and investments, climate and sustainable finance, and related fields"
Alternative Investments Conference & IPC Current Issues in Alternatives Research Symposium,2025-11-18,2026-03-26,2026-03-27,"Chapel Hill, North Carolina, USA",N/A,"private capital and alternative investments including buyouts, distressed securities, mezzanine financing, special situations, private credit, venture capital, hedge funds, real estate, infrastructure, and other real assets"
IIM Calcutta Finance Research Conference 2025,2025-11-07,2025-12-26,2025-12-28,"IIM Calcutta (and online), Kolkata, India",N/A,Finance and/or accounting (any topics related to finance and/or accounting)
RBF Global Finance Forum 2026,2025-11-30,2026-01-31,2026-02-01,"Al-Hasa, King Faisal University, Saudi Arabia",N/A,"Sustainable Finance and Climate Risk; Corporate Finance and Investment Strategies; Banking Stability and Innovation (FinTech, Crypto, CBDCs); Financial Regulation and Risk Governance; Emerging Markets and Geopolitical Risk; ESG Reporting, Valuation and Strategy; Sovereign Risk, Public Finance, and Inflation Dynamics; Machine Learning & AI in Financial Decision-Making"
Second Winter Finance Summit in Asia,2025-10-19,2026-02-16,2026-02-19,"Appi Resort, Japan (ANA Crowne Plaza Resort APPI Kogen, Iwate Prefecture, northern Japan)",No submission fees,finance and real estate finance (all areas of finance and real estate finance)
13th Annual Conference on Financial Market Regulation (CFMR 2026),2025-11-18,2026-05-07,2026-05-08,"SEC Headquarters, Washington, DC",$50 USD,Asset management; Corporate finance; Enforcement; Intermediaries; Market microstructure and trading
RCFS Winter Conference (Review of Corporate Finance Studies Winter Conference),2025-11-18,2026-02-13,2026-02-15,"Royal Sonesta San Juan, Puerto Rico",N/A,Corporate finance; financial intermediation; household finance; Global and Emerging Markets in Finance (special session)
2026 UBC Winter Finance Conference,2025-11-19,2026-02-27,2026-03-01,"Whistler, BC, Canada",CAD $100 (approx. USD $75),topics of general interest to the finance profession
2nd LSU Finance Mardi Gras Conference,2025-10-15,2026-02-07,2026-02-07,"Baton Rouge, LA",$50 per paper (USD),All topics in finance
Institute for Quantitative Investment Research Joint UK-Europe Spring Residential Seminar 2026,2025-11-01,2026-03-22,2026-03-24,"University Arms Hotel, Cambridge, U.K.",N/A,Recent Developments in Investment Research; any topic relevant to investment management practitioners
2026 Georgia Tech-Atlanta Fed Household Finance Conference,2025-11-18,2026-03-26,2026-03-27,"Atlanta, Georgia",N/A,"Household financial decision-making, inflation and consumer spending, impact of AI and ML model adoption on consumers, savings and investment behavior, retirement decisions and choices, housing and mortgage markets, credit access and debt management, impact of fintech innovation and adoption, behavioral economics and household finance, disparities in credit access, household wealth and inequality, entrepreneurship, small business lending"
62nd Annual Eastern Finance Association Meeting,2025-09-30,2026-03-25,2026-03-28,"Asheville, North Carolina, USA",$75 USD,All areas of finance
Baruch-JFQA Climate Finance and Sustainability Conference,2025-11-18,2026-03-12,2026-03-13,"Baruch College, City University of New York",0 USD (no submission fee),"climate finance, sustainability; intersection of politics and climate finance (political economy, policy uncertainty, regulatory change); climate risk, disclosure, and real estate"
European Winter Finance Conference 2026,2025-10-06,2026-01-11,2026-01-14,"Megéve, France",N/A,N/A
12th International Conference on Sovereign Bond Markets,2025-12-15,2026-06-02,2026-06-03,Luxembourg,N/A,"The interaction between sovereign bond markets and monetary policy, tariffs, regulation, fiscal policy, political risk, foreign exchange, and the macroeconomy under geopolitical uncertainty; including pricing of financial assets and exchange rates, policy divergence, market participants and institutions, bank risk-taking, cross-border spillovers across economies and asset classes, currency regimes, firm investment decisions, market liquidity, sovereign debt issuance and management, financial stability, bank–sovereign risk (“doom loop”), and related areas."
Energy Finance and Climate Transition Risk Conference,2025-11-18,2026-04-09,2026-04-10,University of North Carolina (Rizzo Conference Center),$100 per submission,Financing Energy Transition; Financing the Capital Requirements in Emerging Economies; Asset Prices and Climate Transition; Corporate Climate Strategies and Financial Implications; Financial Instruments and Climate Transition; Insurance and Climate Resilience
World Finance Conference - Ireland,2026-03-01,2026-07-26,2026-07-29,"University of Limerick, Limerick, Ireland",N/A,"Finance, Fintech, Economics, Banking"
Central Bank Payments Conference,2025-12-05,2026-03-23,2026-03-25,"Istanbul, Türkiye",N/A,"Cross-border payments and their evolving architecture; Payment fraud and scams: detection, mitigation, and prevention; Geopolitical shifts and their influence on global or domestic payment systems; Public payment infrastructure like fast payment systems and central bank digital currencies; Stablecoins and their implications for existing payment infrastructure; Payments and financial inclusion: enabling access, equity, and resilience"
7th Analyst Research Conference,2025-12-01,2026-04-16,2026-04-17,"University of Notre Dame, Notre Dame, IN, USA",USD 0,Current topics in analyst research
Annual VSB Mid-Atlantic Research Conference in Finance (MARC),2025-12-15,2026-03-20,2026-03-20,"Bartley Hall, Villanova University, Villanova, PA",60 USD,All topics in finance
Joint World Bank - Financial Analysts Journal Conference on “Public Asset Management: Best Practices and Innovations for the Future”,2025-12-05,2026-03-16,2026-03-17,"World Bank Headquarters, Washington DC, USA",USD 50,"Public pension funds: risk management methodologies, challenges and best practices; Central Bank Reserve Management; Sovereign Wealth Fund Management; Stability, Guarantee, and Insurance Funds Management; Local Capital Markets and Home Bias; Blended Finance; Transition Finance for Public Investors; Applications to emerging markets contexts are particularly welcome"
Seventh Edinburgh Corporate Finance Conference,2025-11-02,2026-05-24,2026-05-25,"Edinburgh, Scotland",N/A,Corporate finance
Federal Reserve Bank of Philadelphia Mortgage Market Research Conference,2026-01-20,2026-05-14,2026-05-15,"Federal Reserve Bank of Philadelphia, Ten Independence Mall, Philadelphia, PA 19106",0 USD (no submission fee),"Mortgages and the mortgage market (including residential and commercial mortgages), policy-oriented panel discussions on current issues and market trends"
2026 ITAM Finance Conference,2025-10-19,2026-02-20,2026-02-21,"ITAM Santa Teresa campus, Mexico City, Mexico","MXN 1,250 (approximately USD 67)",All areas of finance and financial economics (broadly defined)
The 2025 Cross Country Perspectives in Finance (CCPF) Special Multi-Thematic Conference,2025-09-30,2025-11-14,2025-11-15,online only,N/A,"Sustainable Finance; Financial Innovation, Digital and Crypto Assets, and Fintech; Family Firms and SMEs; The Effectiveness of Financial Regulation"
2nd Workshop on LLMs and Generative AI in Finance at ICAIF '25,2025-10-01,2025-11-15,2025-11-18,Singapore,N/A,Multi-Agentic Systems; Composable and Compound System Design for Explainable Reasoning; Trust and Accountability in AI Systems; Methodologies for Processing Unstructured Data; Technical Challenges of LLMs and NLP; Prompt Engineering; Retrieval-Augmented Generation (RAG); Fine-Tuning LLMs; Text-to-SQL Applications; Evaluation Techniques; Applications in Analyzing Financial Reports and Alternative Data; Financial Modeling; Multi-Lingual ESG Identification and Assessment; Financial Fraud Detection; Enhancing Investor Communication
5th Edition Spring Finance Workshop - Call for Papers,2025-11-09,2026-04-19,2026-04-21,"Ischgl, Austria",70 EUR,All fields of finance
Columbia/BPI Annual Bank Regulation Research Conference,2025-11-15,2026-02-20,2026-02-20,"Columbia University, New York City, NY, USA",N/A,"All aspects of bank regulation (e.g., capital and liquidity regulation, stress testing, merger policy), with emphasis on the implications of financial innovation for bank regulation and intermediation, including digitalization and real-time payments; topics on digital asset innovation (e.g., stablecoins), regulation and liquidity/credit/market risk implications, regulatory adequacy for innovations, and impact on bank deposit-taking and payments services."
2026 Loyola Wealth Management Conference,2025-12-22,2026-03-27,2026-03-27,Loyola University Maryland,0 USD,"mutual funds, ETFs, REITs, private equity, cryptocurrency, and related areas of wealth management"
Ninth Duke-UNC Asset Pricing Conference,2025-11-18,2026-03-27,2026-03-28,"Duke University - Durham, North Carolina",$75 USD,Asset pricing and macro-finance
The 2025 TSFS International Conference in Finance,2025-09-30,2025-12-19,2025-12-20,"Kuriat Palace Hotel, Monastir, Tunisia",N/A,"Accounting, auditing, and taxation; Asset allocation and valuation; Banking regulation and financial services; Behavioral and experimental finance/economics; Big data in finance, artificial intelligence, and cybersecurity; Climate finance and sustainability; Corporate finance, IPOs, SEOs, M&A, and crowdfunding; Corporate governance; Country funds, sovereign funds, and hedge funds; Debt issues; Digital finance, cryptocurrency finance, and blockchain; Emerging markets finance; Energy finance and environment issues; Entrepreneurial finance, venture capital, and private equity; Ethical finance, green finance, ESG, and CSR; Financial accounting and regulation; Financial crises, contagion, integration, and global risks interconnection; Financial engineering and derivatives; Foreign currency issue; Global imbalances & sustainability; Household finance, real estate finance, and microfinance; Market behavior efficiency; Multinational financial management; Portfolio management and optimization; Risk management and compliance; Small business finance"
The 2026 NYSE Market Microstructure Conference,N/A,2026-02-09,2026-02-09,"NYSE | 11 Wall Street, New York, NY 10005",N/A,Real-world applications of market microstructure in U.S. equity and related markets
2nd Annual Boca Finance and Real-Estate Conference,2025-09-14,2025-11-13,2025-11-14,"Florida Atlantic University, Schmidt Family Complex, Boca Raton, Florida, USA",$50 USD,"All topics related to finance and real estate; interdisciplinary forum including accounting, economics, finance, and real estate disciplines"
19th Annual Corporate Governance Academic Conference at Drexel University,2025-12-22,2026-04-17,2026-04-17,"Philadelphia, PA",$100 per paper (USD); waived for papers written by current PhD students,board of directors; executive compensation; ownership structure; shareholder activism; institutional investors; mergers and acquisitions; private equity; sustainable finance; regulation; talent management; etc.
Financial Research Association 2025 Annual Conference,2025-08-31,2025-12-06,2025-12-07,"Four Seasons Hotel, Las Vegas, Nevada",N/A,General finance topics (finance papers of general interest)
The 20th Annual Conference on Asia-Pacific Financial Markets (CAFM),2025-08-27,2025-12-11,2025-12-12,"CONRAD Seoul, Seoul, Korea",N/A,All areas of finance
14th International Moscow Finance Conference,2024-09-28,2025-11-28,2025-11-28,"HSE University, Moscow and Online",Free (no submission fee),All fields of finance; both theoretical and empirical research
The 35th Conference on Financial Economics and Accounting (CFEA),N/A,2025-11-06,2025-11-08,"East Lansing, Michigan, USA (Marriott East Lansing at University Place)",N/A,"Accounting, Economics, Financial Economics, and related disciplines; theoretical and empirical contributions; focus on the intersection of accounting and financial economics"
Future Finance and Economics Association Dubai December 2025,N/A,2025-12-14,2025-12-14,"Dubai, United Arab Emirates",N/A,"International finance; Climate and Green finance; International financial integration and financial globalization; overlaps and interactions among these areas and their implications for sustainable growth of economies, firms, and organizations"
The 15th Workshop on Exchange Rates,2025-09-26,2025-12-02,2025-12-03,"Banka Slovenije, Slovenia, Ljubljana",N/A,"The drivers of exchange rates and related asset prices from a financial perspective (including the role of intermediaries); Exchange rates and the transmission of monetary policy; Exchange rate pass-through and the role of dominant currency pricing; FX interventions and the impact of tariff policies; Exchange rates and macrofinancial stability frameworks; FX risk premia and their drivers; Global linkages between capital flows, foreign exchange rates and risk appetite; The international use of currencies and its implications for exchange rates; Digital currencies and their implications for the global monetary and financial system"
6th Annual RCF-ECGI Corporate Finance and Governance Conference,2025-09-01,2025-12-13,2025-12-14,"Hybrid: in person at School of Business, Stevens Institute of Technology, Hoboken, NJ, USA, and virtually",In person: $400; Online: $50 (USD),"capital structure, corporate and securities law, corporate culture, corporate failure, corporate finance and public policy, corporate governance, corporate restructuring, corporate social responsibility, crowdfunding, dividends, payout policy, and repurchases, entrepreneurial finance, family business, financial contracting, financial intermediation, financial literacy, fintech, fraud, innovation, IPOs and SEOs, mergers and acquisitions, misconduct, private debt, private equity, trade credit, socially responsible investments, sustainable finance, real options, and venture capital"
Santiago Finance Workshop (SFW),2025-09-05,2025-12-09,2025-12-10,"Santiago, Chile (School of Business and Economics, University of Chile)",N/A,any Finance or Financial Economics topic
Rutgers-ATP India Accounting & Finance Symposium,2025-09-15,2026-01-05,2026-01-06,"IIM Bangalore, India",0 USD (no submission fee),accounting; corporate finance; asset pricing; corporate governance; law; contracting; sustainability; corporate social responsibility
The 7th China International Forum on Finance and Policy,2025-09-15,2025-12-13,2025-12-14,"Beijing, China",N/A,N/A
"The 19th International Behavioural Finance Conference, Chicago",2025-09-15,2025-10-30,2025-10-31,"Chicago, US",0 USD,"Behavioural finance topics in financial decision making, investments, financial markets, corporate finance, fund management, banking, asset pricing, forecasting, experimental finance and sociology of finance; Banking and Regulation; Behavioural Asset Pricing; Behavioural Corporate Finance; Biases and Heuristics; Pandemic; Cryptocurrencies; Equality, Diversity & Inclusion; Financial Analysts; Financial Markets; Investment Decisions; Managerial Biases; Mergers and Acquisitions; Political Environment; Retail Investors; Sentimento; Climate Finance; CSR and ESG"
IIM Calcutta-NYU Stern India Research Conference on Zoom,2025-09-19,2025-10-10,2025-10-10,"Stern School of Business, New York University; Online via Zoom",N/A,"Areas of finance, economics, and accounting focusing on India and emerging economies; preference for papers addressing policy initiatives in India; researchers encouraged to submit papers using Indian data."
2025 FMA Annual Meeting,2025-08-04,2025-10-23,2025-10-25,"Vancouver, BC, Canada",N/A,Corporate Finance; Asset Pricing / Investments; Fintech and AI; Behavioral; Household Finance; Climate Finance
"Last Call Behavioral/Cognitive Finance, Decision/Risk Sciences in the Age of Artificial Intelligence; Entrepreneurship & Economics-2025",2025-08-17,2025-09-24,2025-09-26,"Silicon Valley/Santa Clara, CA, USA",USD 99.00,"Development of new financial and economic models and theories for decision making and risk taking in the post-efficient-markets world; decision making under risk and uncertainty (social-science-based and AI-based models; theoretical and empirical works); venture startups and exits (cognitive manufacturing, additive and smart manufacturing, digital twin, Industrial IoT); trust, financial and capital markets, social capital, moral sentiments and working of the markets economy; investment in and working of financial markets at all levels of functionality and capital allocation (public and private); financial management of companies (public and private entities; role of virtual assistants); entrepreneurship, innovation, and economic development; sustainable finance (efficient financial markets; market for human/social capital & economic development); role of behavioral finance & economics in personal finance, retirement saving & planning; teaching, learning, and training (pedagogical issues; using AI or AGI); applications in behavioral finance in practice (empirical works using AI-generated data; evidence-based retirement planning; trading/investing brain/neuromorphic strategies; nudging clients and markets; trust in investment management, markets, policy, and regulation; behavioral/cognitive value investing; other socio-economic/legal endeavors involving decision making and risk taking)"
65th Annual Meeting of the Southwestern Finance Association (SWFA),2025-10-15,2026-03-25,2026-03-27,"Dallas, TX",N/A,"AI, Machine Learning, and Finance; Asset Pricing; Banking and Financial Institutions; Corporate Finance; Financial Markets and Investments; Behavioral Finance; ESG and Sustainable Finance; FinTech and Cryptocurrencies; International Finance; Risk Management and Derivatives"
9th Commodity Markets Winter Workshop,2025-09-15,2026-02-03,2026-02-05,"Brand (Vorarlberg), Austria",€300 (Full-time PhD students €250),"Micro & macroeconomic analysis of commodity markets; Portfolio allocation/optimization including commodities; Pricing, hedging, and risk analysis of commodity derivatives and derivatives portfolios; Financialization of commodity markets; The microstructure of commodity markets; Corporate finance and risk management related to commodity markets; Econometric/statistical analysis of commodity markets; Decision models (OR/MS models) applied to the commodity sector; Real option analysis investigating commodity project investment and production decisions; Financial market analysis (risk factor models etc.) for commodity markets; Managerial accounting & economics for commodity related corporations; Global and regional trade of commodities; The role of commodity production and consumption for developing countries; Commodity markets in this context include the entire range of commodities, i.e. energy (including electricity and renewables), metals, agricultural products and fish, and also related markets such as markets for shipping and transportation services, emission quotas and weather derivatives."
"WFEClear, the WFE Clearing and Derivatives Conference 2026",2025-10-22,2026-04-21,2026-04-23,"Toronto, Canada",N/A,"Innovations in collateral management (especially to cater for 24/7 trading); innovations in options trading; derivatives in emerging markets; clearing structures and incentives (auction design, corporate governance, client clearing, non-default losses (NDLs), impact of clearing regulations); market resilience (clearing networks, liquidity contagion, cyber threats, collateral flows); vertical integration and market consolidation; supervisory structures and data reporting standards; new clearing and risk models; operational risk (third party risk management, transitioning to the cloud); impact of new technologies (clearing of crypto assets, crypto derivatives, DLT applications, smart contracts, the use of AI); liquidity risk transmission (network models, procyclicality); the impacts and suitability of the clearing mandate; barriers impeding cross-border activity; climate-related issues (green derivatives, clearing carbon emissions, water futures, carbon markets derivatives, etc.)"
The CUHK-RAPS-RCFS Conference on Asset Pricing and Corporate Finance,2025-08-31,2025-12-08,2025-12-10,Hong Kong (Hyatt Regency Sha Tin),N/A,Asset pricing and corporate finance (including papers spanning both areas)
AlgoDefi25 Workshop,N/A,2025-10-16,2025-10-17,"Politecnico di Milano, Milano, Italy",N/A,"Algo-trading & DeFi Algorithmic Trading, Decentralized Finance, Artificial Intelligence in Capital Markets; related topics include machine learning techniques, automatic trading strategies, automatic market making, distributed ledger technologies, digital assets, smart contracts, cryptocurrencies"
5th Frontiers of Factor Investing Conference 2026,2025-12-15,2026-04-15,2026-04-17,"Lancaster University, England",GBP 30,"Asset Pricing; Financial Econometrics; Investments; High-Frequency Finance; Factor Allocation; Volatility Modelling; Risk Management; News Sentiment; Sustainable Investing; Machine Learning; Climate Finance; Alternative Data; Fintech, DeFi & Crypto; Extreme Event Modelling"
2026 Midwest Finance Association Annual Meeting,2025-09-05,2026-03-12,2026-03-14,"Radisson Blu Aqua Hotel, Chicago, IL",USD 75,"corporate finance, financial institutions, asset pricing, asset management"
The Tenth Annual Volatility Institute Conference at NYU Shanghai,2025-09-28,2025-12-05,2025-12-05,"NYU Shanghai, Shanghai, China",N/A,asset pricing; corporate finance; capital markets; market microstructure; behavioral finance; macro-financial linkages; international finance; papers focusing on the financial implications of geopolitical risks
4th Bonn/Frankfurt/Mannheim Workshop on Digital Finance,2025-08-15,2025-12-15,2025-12-15,"Frankfurt am Main, Germany",N/A,"AI, digital currencies, decentralized finance (DeFi), FinTech"
IV CEMLA / Dallas Fed Financial Stability Workshop,2025-07-18,2025-11-24,2025-11-25,"San Antonio, Texas, USA",0 USD (no registration or submission fees),"Monetary policy and financial stability: interactions and trade-offs; Global financial spillovers and the role of the US dollar; Macroprudential policy: design, transmission, and applications to housing and beyond; Non-bank financial intermediation, market liquidity, and funding fragilities; Emerging macro-financial risks and the digital transformation of finance"
14th LaBS International Banking Workshop,2025-08-28,2025-10-31,2025-10-31,HSE University (Moscow) and online,0 USD (free),Banking; Household finance; Emerging and developing markets (issues in banking in emerging markets)
International Conference in Banking and Financial Studies (ICBFS 2025),2025-06-30,2025-09-11,2025-09-12,"Milan (Piacenza), Italy",N/A,"Accounting, auditing, and taxation; Asset allocation and valuation; Banking regulation and financial services; Behavioral and experimental finance/economics; Big data in finance, artificial intelligence, and cybersecurity; Climate finance and sustainability; Corporate finance, IPOs, SEOs, M&A, and crowdfunding; Corporate governance; Country funds, sovereign funds, and hedge funds; Debt issues; Digital finance, cryptocurrency finance, and blockchain; Emerging markets finance; Energy finance and environment issues; Entrepreneurial finance, venture capital, and private equity; Ethical finance, green finance, ESG, and CSR; Financial accounting and regulation; Financial crises, contagion, integration, and global risks interconnection; Financial engineering and derivatives; Foreign currency issue; Global imbalances & sustainability; Household finance, real estate finance, and microfinance; Market behavior efficiency; Multinational financial management; Portfolio management and optimization; Risk management and compliance; Small business finance"
"2025 (5th) “Innovation, Sustainability and Regeneration” International Conference",2025-07-20,2025-10-29,2025-10-30,"Universidade Católica Portuguesa, Porto campus, Porto, Portugal",N/A,Innovation and business transformation; Circular economy; Bioeconomy; Leadership and governance for sustainability; Sustainable business strategy; Social entrepreneurship and responsible business; Sustainability literacy and education; Sustainable investment and financing; Challenges due to the impact of climate change; Climate risk management; Laws and regulations related to sustainability; Arts and sustainability; AI and analytics for sustainability
2nd Modern Finance Conference (MFC 2025),2025-06-30,2025-09-07,2025-09-09,"Warsaw, Poland",0 EUR,"Asset pricing and valuation; Banking and financial services; Behavioral finance and decision making; Capital structure; Corporate finance; Corporate governance; Cryptocurrencies; Derivatives; Economic development; Exchange rates and currency markets; Finance and accounting standards; Financial econometrics and quantitative methods; Financial markets and instruments; Financial, management, and tax accounting; Financial regulation and supervisions; Financial stability; Fintech and financial innovation; Green finance; Investment and portfolio management; Insurance; Market microstructure; Mergers and acquisitions; Microfinance; Monetary policy and central banking; Risk management; Sustainable finance and responsible investment"
Sustainable Finance Research Forum Paris 2025,2025-09-15,2025-12-12,2025-12-12,"Paris, France",N/A,Impact banking and financial products; Impact finance; Corporate responsibility; Climate finance; Corporate governance; Greenwashing; Corporate culture and values; Ratings; Social matters and education in firms; Responsible investments; Green banking; Long term performance and risks; Green and Social Bonds; Financial education and literacy
2025 Colorado Finance Summit,2025-07-01,2025-12-12,2025-12-15,"Vail, Colorado",N/A,All areas of finance
UTD 2025 Annual Finance Conference,2025-07-18,2025-10-03,2025-10-04,"University of Texas at Dallas, Dallas, TX",USD 75,All areas of finance
"STARTUP CITIES: STRATEGIES, STAKEHOLDERS AND IMPACT",2025-07-31,2025-11-21,2025-11-21,"Milan, Italy",N/A,Micro-geography of entrepreneurship; Relationship between urban contexts and entrepreneurship; Entrepreneurial finance and local impacts; Social inequality and entrepreneurship; Local public policies and entrepreneurship; Sustainability of startup ecosystems
2025 FMA Conference on Derivatives & Volatility,2025-06-20,2025-11-14,2025-11-15,"CBOE Global Markets, 433 W. Van Buren Street, Chicago, IL 60607, USA",50 USD for members; 60 USD for non-members,Derivatives and volatility; product innovations and industry trends
China Accounting and Finance Review (CAFR) Special Issue Conference 2025,2025-08-02,2025-11-29,2025-11-29,"Yunnan University of Finance and Economics, Kunming, China",0 USD,"Environmental, Social, and Governance (ESG) topics; Climate finance and biodiversity finance; Artificial Intelligence (AI) and Machine Learning (ML); Big and unstructured data (e.g., voice and facial recognition) in accounting and finance; FinTech (Blockchain and Bitcoin); Other contemporary accounting and finance issues"
The 2025 Sydney Banking and Financial Stability Conference,2025-08-31,2025-12-15,2025-12-16,"Belinda Hutchinson Building H70, The University of Sydney Business School, Sydney, Australia",No submission fee (0 USD),Financial Intermediation; Financial Institutions and Markets; Fintech; Cryptocurrency and Central Bank Digital Currency; Financial system stability; Corporate Finance; Asset Pricing; Investment and Funds Management; Macro Finance
"AI Empowering Business, Economics, Finance & Healthcare 2024-2025 Academic Summit of the Digital Economy Open Research Platform",2025-08-30,2025-10-18,2025-10-18,"Shenzhen, China",N/A,"Ethics, governance, and regulation in AI applications; AI applications in financial markets; AI applications in management decisions; AI and sustainability; AI, emerging technologies, and digital economy; AI and healthcare; Cyber security and operational risks as sources of systemic risk; Economic policies in AI era"
"The 2025 Massey Sustainable Finance Conference at Nanjing, China",2025-08-01,2025-10-31,2025-11-01,"Nanjing, China",N/A,"Artificial intelligence and machine learning applications in Sustainable Finance; Alternative data on firms' digital transformation; Behavioral Finance/Economics and its implications to climate transition; Blue economy; Carbon market and carbon credit; Carbon price forecasting techniques; Circular economy; Corporate Social Responsibility; Climate Finance; Climate risks: assessment and management; Climate transition and portfolio management; Cryptocurrency and digital finance interactions with Sustainable Finance; Diversity, equity and inclusion in Finance; Digital finance, Fintech, and sustainability; Environmental, Social and Governance; Financial markets and climate transition; Green Finance; Green Finance and energy security; (Renewable) Energy Finance; Renewable Energy and Sustainability; Sustainable Finance and Accounting"
4th Contemporary Issues in Financial Markets and Banking Online Conference,2025-10-03,2026-01-05,2026-01-06,Online,USD 175,"Corporate finance, corporate governance, international financial management, and investment; Financial resilience; liquidity management; crisis investment and crisis portfolio management; banking and financial sector stability and regulation; financial (dis)integration and Brexit; Green and sustainable finance; sustainable energy financing; alternative investments; financial inclusion; Islamic banking; Crowdfunding; decentralised finance; disruptive financial technologies; metaverse and blockchain technologies in finance; artificial intelligence; machine and deep learning applications in finance; Theoretical asset pricing; empirical asset pricing; risk management; behavioural finance; financial applications of game theory and decision theory; computational financial economics (including multi-agent models and econophysics); experimental economics with implications for financial theory and practice; Market microstructure; household finance; real estate and property markets."
MIT GCFP 12th Annual Conference,2025-07-10,2025-10-09,2025-10-10,"Cambridge, MA, US",N/A,"Evaluations of contingent financial, environmental and other liabilities; sovereign wealth funds; state-owned enterprises; public sector pension systems; mark-to-market and fair value accounting applications to government assets and liabilities; valuation and fiscal implications of opaque public assets (e.g., biodiversity and other environmental resources, research and other infrastructure); fiscal effects of monetary policy; government accounting and budgetary rule reform; the economics of privatization; international applications and comparisons; plus the conference tracks: Evaluation and Management of Government Financial Institutions; Regulation of Financial Markets and Institutions; Risk Measurement and Management in the Public Sector."
2025 UNSW Asset Pricing Workshop,2025-07-01,2025-10-30,2025-10-31,"Coogee Beach, Sydney, Australia (Coogee Surf Life Saving Club)",0 AUD,all areas of Finance with special focus on Asset Pricing; theoretical and empirical papers
SFS Cavalcade Asia-Pacific 2025,2025-06-30,2025-12-05,2025-12-07,"Tsinghua PBC School of Finance, Beijing, China",N/A,N/A
AI in Real Estate | Day 3 of the 2nd AI in Finance Conference,2025-09-15,2025-10-30,2025-10-30,"Montréal, Canada",CAD 400,"AI-driven property valuation and appraisal models; Machine learning for real estate market forecasting and trend analysis; AI applications in real estate development and land use planning; AI in real estate investment and portfolio management; AI for sustainable real estate and climate risk assessment; Urban analytics and smart-city applications in real estate; Natural language processing and large language models for real estate market analysis; Computer vision and geospatial analysis for property and neighborhood insights; AI-driven demand for real estate: Data centers and infrastructure; Ethics, fairness, and regulatory challenges in AI-driven real estate"
UTD 2025 Annual Finance Conference,2025-07-18,2025-10-03,2025-10-04,"University of Texas at Dallas, Dallas, TX",75 USD per paper,All areas of finance
Academy of Behavioral Finance & Economics Annual Conference (ABF&E Annual Meeting),2025-06-27,2025-09-24,2025-09-26,"Santa Clara, CA, USA",$99.00 USD,"Behavioral/Cognitive Finance & Economics; Neuroscience/Neuromorphic Computing; Quantum Entanglement Political Economy; Biological Anthropology; Brain-Computer Interfaces; development of new financial and economic models and theories for decision making and risk taking in AI; decision making under risk and uncertainty; venture startups and exits; trust in financial markets and capital markets; investment in and functioning of financial markets; financial management of public and private companies; entrepreneurship, innovation, and economic development; sustainable finance; role of behavioral finance in personal finance, retirement saving and planning; teaching, learning, and training with AI/AGI; empirical/AI-generated data applications; behavioral/cognitive value investing; nudging clients and markets; trading/neuromorphic strategies."
Inaugural RAPS/RCFS Europe Conference,2025-07-01,2025-09-16,2025-09-16,"Cambridge University, England",N/A,Asset Pricing; Corporate Finance
2025 FMA Asia/Pacific Conference,2025-05-30,2025-12-15,2025-12-17,"National Taiwan University, Taipei, Taiwan",USD 50 (members); USD 60 (non-members),Papers in all areas of finance; financial decision-making; financial management; related topics
2025 Vietnam Symposium in Climate Transition (VSCT-2025),2025-10-10,2025-12-18,2025-12-19,"The University of Danang - University of Economics, 71 Ngu Hanh Son street, Ngu Hanh Son district, Danang, Vietnam",Free (no submission fee),"Behavioral finance/economics and its implications to climate transition; Blue economy; Carbon market; Circular economy; Climate change: mitigation and adaptation; Climate change: policy and regulations; Climate finance; Climate risks: assessment and management; Climate transition and COVID-19 recovery; Climate transition and portfolio management; Corporate Social Responsibility (CSR); Energy and environmental issues; Energy markets and energy transition; Environmental, Social and Governance (ESG); Financial markets and climate transition; Geopolitical risk and climate change mitigation; Just climate transition; Low carbon technologies and innovation; Management of extractive industries; Responsible behaviors and sustainability in family business; Responsible business conduct and SDG goals; Role of management, business strategies, and SDG goals; Sustainable business model innovation; Sustainable entrepreneurship; Sustainable infrastructure investment; Sustainable production and consumption; Sustainable key performance indicators"
2025 FMA Annual Meeting - Innovation in Teaching Award,2025-05-23,2025-10-22,2025-10-25,"Vancouver, BC, Canada",N/A,N/A
2025 Inaugural China Future Scholars in Finance Forum,2025-06-02,2025-07-04,2025-07-04,"Beijing, China",N/A,All areas of finance; preference for research related to China
Sustainability at Crossroads: The Edinburgh and International Review of Finance Conference,2025-06-10,2025-07-28,2025-07-28,"University of Edinburgh, Edinburgh, Scotland, UK",Free (no submission fee),The evolving regulatory landscape of ESG; Climate risk assessment and measurement; ESG integration in investment decision-making; The role of technology and AI in ESG analysis; Greenwashing and transparency challenges; ESG and corporate financial performance; The impact of ESG on emerging markets; Sustainable finance innovations and best practices
17th Annual Private Equity Research Consortium (PERC) Symposium,2025-07-01,2025-11-06,2025-11-07,"Chapel Hill, North Carolina, USA",N/A,"Private equity, including buyouts, distressed securities, mezzanine financing, special situations, private credit, venture capital, real estate, and real assets"
IMRC 2025,N/A,2025-12-05,2025-12-07,Indian Institute of Management Ahmedabad,N/A,"Track 03: The Gold and Precious Metals: Business and Economic Policies — topics include sourcing of precious metals, mining, export–import trading, sales and market, exchanges, recycling, hallmarking, ethics and responsible business, logistics and supply chain, labor practices, formal/informal business models, investment products (gold, precious metals, gems), central banks, bullion banking, malpractices, regulations, governing policies, sustainability and green methods, and applications of technology such as blockchain and AI/ML in the gold supply chain; comparative global policy studies, heritage and cultural dimensions; empirical and modeling research on real-world sector challenges. Track 04/05: The Finance, Accounting, and Economics (FAE) Track — topics include asset pricing (theoretical and empirical), IFRS/financial reporting quality, market microstructure and algorithmic trading, insurance/reinsurance/pension funds, business cycles, corporate finance and capital structure, dividend policy, financial policy and regulation, liquidity in commodity derivatives markets, public economics, asset allocation and investment management, computational finance and econometrics, monetary policy and banking, financial risk analytics and management, financial analytics, FDI and portfolio capital flows, household finance, international trade and exchange rates, financial crises and systemic risk, and global value chains and firm performance."
2nd AI in Finance Conference | FRL Special Issue Workshop on “AI in Corporate Finance”,2025-09-15,2025-10-27,2025-10-30,"Montréal, Canada",CAD 750 (50% discount for PhD students and online presenters),"AI and machine learning in corporate finance; AI and machine learning in entrepreneurial innovation; AI and machine learning in entrepreneurial fundraising; AI and sustainability; AI applications in financial markets; AI, emerging technologies, and digital finance; Natural language processing, robo-advisory, fraud detection; Ethics, governance, and regulation in AI applications"
PhD and Postdoc Workshop on Empirical AI in Finance at the 2nd AI in Finance Conference,2025-09-15,2025-10-27,2025-10-27,"Montréal, Canada",0 USD,"Empirical finance; machine learning / AI in finance; data-driven research; Matlab programming; WRDS data (CRSP, Compustat, IBES); replication of top-tier finance papers using ML; forecasting stock returns with ML; empirical asset pricing; replication of foundational asset pricing tests"
2025 Wharton Conference on Liquidity and Financial Fragility,2025-07-01,2025-10-10,2025-10-11,"Philadelphia, PA",N/A,"Coordination failures, self-fulfilling beliefs, and runs; Fragility in banks and non-bank institutions; Liquidity and frictions in financial markets and macroeconomy; Systemic risk and financial regulation; Monetary policy and financial stability; Dysfunctions, frictions, and fragility in U.S. Treasury markets; Currency dominance, sovereign debt crises, and their link to the financial sector; Geopolitical tensions, trade conflicts, and financial fragility; Inflation, interest rate risks, and implications on financial fragility; The real impact of crises and fragility on firms’ financing and investment policies; FinTech, artificial intelligence (AI), and their implications for financial stability; New payment technologies, digital currencies, and their implications for the monetary system"
"The 2nd Global Conference on Sustainability in Economics, Business and Law",N/A,2025-11-21,2025-11-21,"Ho Chi Minh City, Vietnam",N/A,"sustainability in economics, business and law; twin transition (green transition and digital transformation); economic models, business strategies, and legal frameworks; theoretical, conceptual, empirical research in economics, business, management and law"
Warwick Business School Gillmore Centre Conference on DeFi & Digital Currencies 2025,2025-06-22,2025-09-02,2025-09-02,"Warwick Business School, The Shard, London, UK",£45 (GBP),"DeFi protocol design/governance/market efficiency; Economics of the blockchain (mechanism design, security, welfare); Financial stability, macroeconomic, and political economy implications of stablecoins and CBDC designs;; All areas of DeFi and Digital Currencies"
Developments in Sustainable Finance: A New Era of Financial Innovation,2025-09-15,2025-10-30,2025-11-02,"American University of Sharjah, Sharjah, United Arab Emirates",N/A,"sustainable finance developments; ESG integration; green and sustainability-linked bonds; ESG-focused investment portfolios; climate risk assessment; AI and emerging technologies in sustainable finance; regulatory frameworks (e.g., SFDR); policy and geopolitical influences on sustainability finance; innovative financial instruments for sustainability"
C.r.e.d.i.t. 2025 (24th International Conference),tical Risks and Global Financial Stability: Implications of geopolitical tensions on global financial markets; Risk management strategies for financial institutions navigating geopolitical uncertainty; The role of national and international economic policies shaping a new geopolitical and economic order,2025-09-25,2025-09-26,Global Challenges: Macroeconomic Polarization and Financial Fragmentation; Economic bifurcation between advanced and emerging markets; Trade conflicts and their financial spillovers; Policy responses to maintain global economic stability,Innovation in Finance and Insurance: Digital transformation in the insurance sector; Financing Deep Tech; Regulating innovation to balance opportunity and risk,
"2025 FMA Annual Meeting - Doctoral Student Consortium, Emerging Scholars Initiative and Innovation in Teaching Award",2025-05-23,2025-10-22,2025-10-25,"Vancouver, BC, Canada",N/A,N/A
2025 Global AI Finance Research Conference,2025-08-31,2025-12-14,2025-12-15,Hong Kong,N/A,"Artificial Intelligence (AI), Big data and Machine Learning; Blockchain and Cryptocurrencies; Initial Coin Offerings (ICOs) and Security Token Offerings (STOs); Decentralized Finance (DeFi); Peer-to-peer lending; FinTech regulation; High-frequency trading and market liquidity; Green FinTech"
Finance Research Letters Paper Development Workshop “Artificial Intelligence in Corporate Finance” and PhD / Postdoc Workshop,2025-07-15,2025-09-25,2025-09-26,"Dresden, Germany",Early-bird EUR 290 + VAT; Regular EUR 340 + VAT; 50% discount for scholars from low-income countries and PhD students presenting their single-author paper,AI and machine learning in firm valuation; AI and machine learning in mergers and acquisitions (M&A); AI and machine learning in capital structure; AI and dividend policy; AI and agency theory; AI and ESG; AI and corporate governance and risk management; AI fraud detection; Natural language processing and corporate finance; AI applications and regulation
Federal Reserve Day-Ahead Conference on Financial Markets and Institutions,2025-06-30,2026-01-02,2026-01-02,"Federal Reserve Bank of Philadelphia, Philadelphia, PA 10 N Independence Mall W, Philadelphia, PA 19106",N/A,"Monetary policy implementation, money markets and central bank balance sheets; Financial stability and the conduct of monetary policy; Maturity transformation, liquidity risk, and runs on financial institutions; Nonbank financial intermediation; Financial markets and the macroeconomy; Real estate and mortgage markets; Household finance and the transmission of monetary policy; Financial innovation and artificial intelligence; Effects of inflation on financial markets and institutions; Interconnectedness of global financial markets; Cryptocurrencies and stablecoins; Emerging risks to financial stability"
First Annual Corporate Governance Academic Forum,2025-06-30,2025-10-03,2025-10-03,"Toronto, Ontario, Canada",CAN$100 per paper,Boards of directors; executive compensation and incentives; mergers; ownership structure; shareholder activism; ESG and sustainability governance; governance of new technologies; political influences on governance
2025 Derivative Markets Conference,2025-07-01,2025-12-14,2025-12-16,"Queenstown, New Zealand",N/A,derivative markets and products
2025 New Zealand Finance Meeting,2025-07-01,2025-12-14,2025-12-16,"Queenstown, New Zealand",N/A,All topics related to finance
CEPR European Conference on Household Finance 2025,2025-05-28,2025-09-18,2025-09-20,"Stockholm, Sweden",50 Euro (waived if all authors are PhD students),"Asset allocation and debt behaviour over the life cycle; Financing retirement and the demographic transition; Consumer indebtedness, financial distress, and default decisions; Behavioral approaches to household finance; Financial literacy and financial education programs; Trust, subjective expectations, pessimism, and financial decisions; International comparisons of household finances using micro-data; Financial advice and legal protection of investors and borrowers; Financial innovation and household finances; Households liquidity and risk management; Climate change, sustainability, and household finances"
12th Annual Conference on Financial Market Regulation (CFMR 2025),N/A,2025-05-15,2025-05-16,"SEC Headquarters, Washington, DC",N/A,N/A
Haskell & White Corporate Reporting and Governance Conference,2025-07-11,2025-09-26,2025-09-26,"Fullerton, CA",N/A,"All areas of accounting and finance, including research that overlaps these disciplines; applications of machine learning, artificial intelligence, and big data in financial and accounting contexts"
2025 Federal Reserve Stress Testing Research Conference: Call for Papers,2025-06-15,2025-10-16,2025-10-17,"Boston, Massachusetts",N/A,"The economic and macroprudential effects of stress tests and bank regulation; Balancing the costs and benefits of bank regulation; The roles and risks of nonbank financial intermediaries and their interplay with the banking system; Financial instruments for risk transfer and their implications; Modeling bank revenues, credit, and counterparty risks; Interest-rate, liquidity, and inflation risk in the banking system; Design of macroeconomic and financial market scenarios; Regulatory and supervisory approaches to non-financial risks, such as cybersecurity and operational risk, and emerging technologies, such as AI"
Finance and Real Estate Conference 2025,2025-04-30,2025-09-19,2025-09-19,"Oxford, Ohio",No submission fee,Asset pricing and valuation; Corporate finance; Real estate markets and investment; Risk management and financial regulation; Urban economics and housing policy; Sustainable and green finance; Behavioral finance in real estate
Melbourne Asset Pricing Meeting,2025-06-07,2025-10-27,2025-10-27,"Melbourne, Australia",No submission fee,Theoretical and empirical models of asset prices and returns; return predictability; empirical methodology; macro-finance; the study of financial institutions as related to asset prices; information and liquidity in asset markets; behavioural investment studies; asset market structure and microstructure; risk analysis; hedge funds; mutual funds; pension funds; ESG; the impact of COVID-19; and alternative investments
EUROFIDAI-ESSEC Paris December Finance Meeting,2025-06-01,2025-12-18,2025-12-18,Pullman Paris Montparnasse Hotel (France),50€ (EUR),All areas of finance
2nd Knut Wicksell Conference on Crypto and Fintech,2025-05-01,2025-08-28,2025-08-29,"Lund, Sweden",No participation fee,"Crypto and blockchain technology (asset pricing, systemic risk, market microstructure); Crypto markets, households, and the real economy; Environmental and social impact of crypto markets; Central Bank Digital Currencies (CBDCs); Financial technology (Fintech); Payment systems (payment firms, consumer experiences, bank competition); Interaction between traditional finance and decentralized finance"
2025 Vietnam Symposium in Banking and Finance (VSBF-2025),regulation and financial services,2025-10-23,2025-10-25,ricing and allocation,nance,
"The Second PHBS-IER Conference on ""Demographic Change and Migration: Facts, Models and Policy Implications""",2025-06-30,2025-12-20,2025-12-21,"Peking University HSBC Business School, Shenzhen, China",N/A,"Driving factors of demographic change: empirics and modeling of fertility and mortality; Internal and international migration flows induced by demographic change; The impact of population aging on public finances and the future of social insurance systems (social security, health care, long-term care etc.); Demographic change, migration flows and national and local labor markets; Migration and the spatial distribution of economic activity; The interaction between demographic change, technological progress, and economic growth; The impact of demographic change on housing and financial asset prices and returns; Focus on Asian economies is encouraged"
Frontiers in Quantitative Finance Conference 2025,2025-05-15,2025-09-26,2025-09-26,New York Marriott Marquis,N/A,Quantitative methods; asset pricing (including topics related to the work of Sanford J. Grossman)
NTU AI & Business Forum: NTU Summer School & Conference on AI for Finance,2025-04-20,2025-07-04,2025-07-07,"Nanyang Business School, Nanyang Technological University (Singapore)",N/A,Algorithmic and high-frequency trading strategies; AI in Risk management and credit scoring; AI-based Portfolio optimization; Natural language processing in financial applications; Robo-advisory services and fraud detection; Financial forecasting and market sentiment analysis using AI/ML; Reinforcement learning for dynamic trading; AI regulations and ethical decision-making in Financial AI; Other AI-related research in finance
International Society for the Advancement of Financial Economics 2025 Conference (ISAFE – China),2025-04-30,2025-06-23,2025-06-25,"Beijing, China",0 USD,"AI and finance; Asset allocation and valuation; Central banking and monetary policy; Corporate finance and governance; Country funds and hedge funds; Emerging markets finance; Empirical assets pricing; Financial accounting, law, and regulation; Financial crises and contagion; Financial econometrics; Financial engineering and derivatives; Financial intermediation, institutions & services; Financial markets and market microstructure; FinTech: Revealing Potential and Challenges; Foreign currency issues; International finance and capital markets; IPOs, SEOs, M&As & Divestitures; Market behavior efficiency; Multinational financial management; Personal finance and household finance; Portfolio management and optimization; Quantitative finance and financial econometrics; Real estate finance; Risk management; Small business and entrepreneurial finance; Sustainable finance, ethics, and CSR"
8th Dauphine Finance PhD Workshop,2025-04-27,2025-07-08,2025-07-08,"Paris, France",N/A,Papers in all areas of Finance and Financial Economics are welcome
The 19th NYCU International Finance Conference,2025-09-15,2025-12-05,2025-12-05,"National Yang Ming Chiao Tung University, Hsinchu, Taiwan",US$250,N/A
"Symposium on Financial Markets in the Era of Climate Change, Madrid",2025-04-30,2025-07-07,2025-07-07,"Madrid, Spain",N/A,Climate risks; Green financial products; Sustainable investing; Corporate green strategy; Environmental externalities; Climate-related regulation
The 38th Australasian Finance and Banking Conference,2025-08-15,2025-12-11,2025-12-13,"Sydney, Australia",N/A,"Opportunities and Risks of AI Technology in Finance; CBDCs, Fintech, and Digital Finance; Sustainable Investment"
2025 GSU-MS AI and FinTech Conference,2025-06-15,2025-10-03,2025-10-04,"Buckhead Center of Georgia State University, Atlanta, GA",$100 USD,"AI Methods and Applications in Finance and Economics; Impact of AI and New Technologies; Risk and Regulation of AI and FinTech; Other AI and FinTech topics (Big Data, Digital Economy, DeFi, Cryptoeconomics, and additional relevant topics)"
"2nd Financial Fraud, Misconduct and Market Manipulation Conference",2025-05-01,2025-09-11,2025-09-12,"Lancaster University, England",N/A,"Theoretical and empirical analysis of financial fraud; Case studies of recent instances of market misconduct; Insider trading; Implication of financial fraud/market manipulation for market efficiency, stability, and asset pricing; Market manipulation at a high-frequency (intraday) level; Fraudulent activities and crypto currency markets; Social networks, fake news, and their effect on financial markets; Money laundering and banking; Conflicts of interests and their implications for various stake holders and financial markets; Hedge funds/Mutual funds and their involvement in market misconduct; Statistical/ Machine Learning methods for fraud detection; Cyber security and cyber risk management; Regulatory response to financial misconduct; Unintended consequences of politics and regulations"
Future Finance Fest (3f),2025-04-14,2025-08-25,2025-08-27,"Vilnius, Lithuania (Old Town Vilnius)",No submission fee,Any work with practical implications for the future of finance.
Johns Hopkins Carey Finance Conference,2025-05-18,2025-10-16,2025-10-17,"Johns Hopkins Carey Campus (100 International Drive, Baltimore, MD)",N/A,All areas of finance; emphasis on early-stage papers
TSE Industrial Organisation & Finance Conference,2025-06-01,2025-10-16,2025-10-17,Toulouse School of Economics,N/A,"Competition between financial service providers; Entry of new players in the financial intermediation chain (Fintechs, NBFIs); Integration between different financial services (e.g., payment and credit) or between financial services and other activities (e.g., social networks and payment); The role of data in the provision of financial services, Open Banking; The use of structural estimation techniques to analyze the demand for financial products and/or strategic interactions between financial firms; The impact of the organization of financial firms for product market competition"
2nd Exeter Sustainable Finance Conference,2025-06-06,2025-09-18,2025-09-19,"Exeter, United Kingdom",Free,Unpublished research papers on sustainable and responsible finance; interdisciplinary research that draws together approaches from different disciplines.
Hybrid Conference on Islamic Law and Finance,2025-05-09,2025-07-24,2025-07-25,"Durham University Business School, Waterside Building Campus, UK",N/A,Financial Innovation (including FinTech); Shaping Monetary Policy from a Maqasid perspective; Designing Fiscal Policy from a Maqasid perspective; Artificial Intelligence (AI) in Islamic Finance; Legal and Regulatory Frameworks; Access to Finance and Social Welfare; Corporate Governance and Shari’ah Compliance; Purpose-Based vs. Problem-Based Approaches; Cultural Dimensions in Islamic Finance; Islamic Finance for Global Challenges; Governance Mechanisms and Stakeholder Accountability
21st Annual Conference of the Asia-Pacific Association of Derivatives (APAD),2025-04-30,2025-07-14,2025-07-15,"Busan, Korea (Online and In-Person)",US$200 (waived for presenters of accepted papers),Derivatives; Volatility; Risk Management; Asset Pricing; Investments; Corporate Finance; Corporate Governance; Market Microstructure; Banking; Personal and Household Finance; ESG and Climate Finance; AI and Big Data; Blockchain and Crypto Assets; Fintech; Regulation; Behavioral Finance; among others
EBA's 14th Policy Research Workshop: Bridging capital and growth - the role of financial structures and intermediaries,2025-06-06,2025-11-18,2025-11-19,"EBA premises (Paris, France) and remotely",N/A,"The impact of global capital flows on market efficiency and the role of financial intermediation; Access to finance by entrepreneurs ensuring that capital is used in the most productive ways; Provision of mechanisms for managing risk and contribution from regulatory frameworks on the functioning and stability of financial intermediaries; Incorporation of environmental, social, and governance (ESG) supporting sustainable development and growth; Advances in digital finance initiatives and better alignment with regulation and policies"
5th CEPR-Stigler Center Conference on Political Economy of Finance: Governance in a Polarized World,2025-06-22,2025-10-24,2025-10-24,"London, United Kingdom (Imperial College London)",0 USD,"Political economy of finance in a polarized world; governance changes in private and public sectors; corporate governance under polarization; inequality and politicization; climate change and economic decline; trust and social cohesion; governance trade-offs faced by voters, businesses, and governments"
Inaugural Finance Conference Vitznau 2025,2025-04-15,2025-06-28,2025-06-29,"Vitznau, Switzerland",N/A,"Machine learning for the cross-section of returns; Big data analysis; Large language models and unstructured data; Non-standard datasets for return predictions; Systematic expectations mistakes, and predictable returns; Feasible and implementable portfolios; Predictable turning points"
2025 Canadian Derivatives Institute (CDI) Conference,2025-05-02,2025-09-11,2025-09-12,"Montréal, Canada",N/A,N/A
"The Institute for Quantitative Investment Research, Residential Seminar, Autumn 2025",2025-05-11,2025-10-05,2025-10-07,"Eastwell Manor, Kent, United Kingdom",N/A,Factors and Macro Risks in a Changing World; Diversification in an inflationary environment; AI applications in investment management; Quantitative investing in private assets; Causality and models of expected returns
8th CEIBS Finance/Accounting Symposium,2025-04-01,2025-06-27,2025-06-28,"Shanghai, China",N/A,"Corporate Finance and Governance; Private Equity and Venture Capital; Fintech; Political Economy of Finance; related subfields of finance, accounting, and economics"
12th SAFE Asset Pricing Workshop,2025-05-16,2025-09-30,2025-09-30,"Theodor W. Adorno Platz 3, House of Finance, 60323 Frankfurt, Germany",N/A,"All areas of asset pricing (theoretical, empirical, intermediary, macrofinance etc.)"
9th SAFE Market Microstructure Conference,2025-03-31,2025-08-19,2025-08-19,"Theodor W. Adorno Platz 3, House of Finance, 60323 Frankfurt, Germany",N/A,All areas of market microstructure
14th Fixed Income and Financial Institutions (FIFI) Conference,2025-06-15,2025-11-07,2025-11-08,"Columbia, South Carolina, USA",USD 75,Fixed income; commercial and investment banks; asset management and mutual funds; short sellers; hedge funds; broker-dealers; insurance companies; private equity and venture capital; FinTech; and related topics.
The 8th Cryptocurrency Research Conference (CRC2025),2025-05-01,2025-09-29,2025-09-30,"National and Kapodistrian University of Athens, Athens, Greece",£400,AI and Machine Learning in Crypto and Blockchain; Big Data in Fintech; Blockchain in Global Finance; Crypto Asset Efficiency and Market Behaviour; Central Bank Digital Currencies (CBDCs); Crowdfunding and P2P Lending; Cybercrime and Cybersecurity in Fintech; Digital Banking and the Digital Economy; Decentralized Autonomous Organizations (DAOs); Decentralized Finance (DeFi); DEXs vs. CEXs: Market Dynamics; Environmental Sustainability of Cryptocurrency; Fintech Regulation and Compliance; Cryptocurrency and Financial Stability; Media and Investor Attention on Fintech and DeFi; Non-Fungible Tokens (NFTs) and Digital Assets; Natural Language Processing (NLP) in Fintech; Blockchain Opportunities for Entrepreneurs; Russian Sanctions and the Fintech Industry; Stablecoins: Design and Risks; AI-Driven Innovation in Crypto Markets; Preparing for post-Quantum Blockchain; Other relevant topics.
6th CEAR-RSI Household Finance Workshop,2025-06-13,2025-11-14,2025-11-15,"Montréal, Québec, Canada (HEC Montréal, 501, rue De La Gauchetière Ouest, Montréal, QC H2Z 1Z5, Canada)",N/A,Consumption-saving decisions and investment choices; Financial literacy and education; Pensions and retirement; Financial planning and advice; Financial delinquency and bankruptcy; Household insurance and risk management
Compensation of Top Executives: Determinants and Consequences,2025-06-23,2025-10-09,2025-10-10,"Cambridge, MA",N/A,"The effects of CEO pay on firm performance and behavior; The relationship between CEO pay and the market for executive talent; The role of institutional investors and other shareholders in setting CEO pay; Drivers of variation in CEO pay across time, firms, and countries; The optimal design of CEO pay contracts; The effects of regulation on CEO pay"
Research Symposium on Finance and Economics (RSFE) 2025 (Virtual),2025-04-30,2025-06-11,2025-06-13,"IFMR GSB, Krea University, Andhra Pradesh, India (Virtual)",0 USD (no submission fee),"Finance: Corporate Finance, Capital Structure and Dividend Policy, Emerging trends in Corporate Finance and Corporate Governance, Mergers and Acquisitions, Financial Reporting and Regulations, Behavioural Finance, Computational Finance and Financial Econometrics, Asset Pricing, Financial Markets, Derivatives Trading and Pricing, Market Microstructure and Algorithmic Trading, Banking and Risk Management, Digital Finance, Financial Tech, AI, and Machine Learning. Economics: Microeconomics, Applied Microeconomics, Macroeconomics, International Economics, International Trade, Development Economics, Energy Economics, Econometrics, Applied Econometrics, Public Finance, Political Economy, Game Theory, Economic Growth, Environmental Economics, and Labour Economics. The list of topics mentioned above is indicative and research papers on other topics of Finance and Economics are also welcome."
ABF&E Annual Meeting (Academy of Behavioral Finance & Economics),2025-06-27,2025-09-24,2025-09-26,"Silicon Valley/Santa Clara, CA, USA",USD 99.00,"Behavioral/Cognitive Finance & Economics; Neuroscience/Neuromorphic Computing; Quantum Entanglement Political Economy; Biological Anthropology; Brain-Computer Interfaces; Development of new financial & economic models for decision making and risk taking; Decision making under risk and uncertainty (including AI-based models); Venture startups and exits; Trust in financial markets; Investment in and functioning of financial markets; Financial management of companies; Entrepreneurship, Innovation, and Economic Development; Sustainable Finance; Role of Behavioral Finance & Economics in Personal Finance and Retirement Planning; Teaching, Learning, and Training using AI/AGI; Applications of behavioral finance in practice (empirical/impactful works); Nudging clients and markets."
The 16th Annual Financial Markets and Liquidity (AFML) Conference,2025-05-02,2025-10-15,2025-10-17,"Budapest, Hungary",N/A,General finance topics (Corporate finance; Investments; Banking; Asset Pricing; Mathematical Finance; Systemic Risk; Regulations; ESG Investments and Sustainability; Climate Finance; Household Finance; AI and Machine Learning; Game Theoretic Aspects of Financial Markets); Liquidity-focused topics (Market and Funding Liquidity; Global Liquidity; Leverage and Macroeconomic Determinants; Market Microstructure; Illiquid Alternative Investments; Asset Innovations)
2025 Conference on Accounting and Finance Research and Education in the Era of Rapid Technological Advances,2025-05-28,2025-09-03,2025-09-04,"Suzhou, China (Xi’an Jiaotong-Liverpool University, Suzhou; online attendance available)",N/A,"Artificial intelligence (AI), big data, and machine learning; Blockchain, cryptocurrencies, and digital finance; Fintech and financial inclusion; Cybersecurity in financial data management; Accounting for technology and innovation; Business ethics and corporate governance; Corporate social responsibility (CSR); Environmental, Social and Governance (ESG); Entrepreneurship, innovation and sustainability; Regulation and the roles of government; Risk management in the digital age; Green finance, green innovation and technology; Green supply chain analysis and social responsibility in global supply chains; Curriculum design and educational research; Pedagogy and case studies; Proposals for Panels, Workshops, and Tutorials"
4th Holden Conference in Finance and Real Estate,2025-04-15,2025-09-25,2025-09-27,"Bloomington, Indiana",USD 95,All finance and real estate topics; empirical and theoretical papers
The 2025 5th Global PhD Student Colloquium,2025-04-10,2025-07-25,2025-07-26,"University of Sydney Business School, Australia",N/A,All business disciplines; especially Finance and Accounting
2025 UGA Fall Finance Conference,2025-04-18,2025-10-17,2025-10-18,"Athens, GA",$65 USD,Papers in all areas of finance are welcome.
2025 FMA Annual Meeting,2025-04-04,2025-10-22,2025-10-25,"Vancouver, BC, Canada",75 USD (current FMA members); 85 USD (non-members),All areas of finance; financial decision-making; financial management and related topics
The Fifth Israel Conference in Behavioral Finance,2025-04-15,2025-06-29,2025-06-30,"Academic College of Tel Aviv-Yaffo, Israel",0 USD,"All areas of behavioral finance, including applications to the theory of the firm, individual and professional investors, experimental finance, financial markets, international finance, and ESG investing; special emphasis on the intersection of behavioral finance and women, including how nudges via social networks or AI products may support women's involvement and improve their financial decisions."
NTU Summer School & Conference on AI for Finance,2025-04-20,2025-07-04,2025-07-07,"Nanyang Business School, Nanyang Technological University, Singapore",N/A,"Overview of how ML/AI are transforming finance and accounting research; Financial forecasting; Advances in deep learning for asset pricing; Reinforcement learning for trading and portfolio management; ML tools for dynamic structural models; NLP in finance; AI in asset pricing, portfolio management, corporate finance, and financial accounting; Algorithmic and high-frequency trading; AI in risk management and credit scoring; AI-based portfolio optimization; Robo-advisory services and fraud detection; Market sentiment analysis using AI/ML; AI regulations and ethical decision-making in Financial AI"
The 32nd Annual Global Finance Conference,2025-03-15,2025-06-23,2025-06-25,"Boston, MA",N/A,"Accounting, Auditing, and Taxation; Banking, Financial Services, and Investment Banking; Behavioral and Experimental Finance/Economics; Big Data, AI, Machine Learning, and Fintech in Global Finance & Banking; Emerging Markets (BRICS, MIST, MINT, Next 11, PIIGS, SANE); Corporate Finance, Investments & Global Perspectives; Corporate Governance and Executive Compensation; Green Finance & ESG Investments; Climate Risks and Financial Stability; Global Health Issues and Pandemic Impacts; Derivatives, Financial Engineering, and Real Options; Entrepreneurship and Venture Capital; Financial Market Integration, Linkages & Segmentation; Foreign Exchange & Monetary Economics; Global Energy and Environmental Finance; Financial Crises, Global Inequality & Economic Imbalances; Household & Micro Finance; IPOs, SEOs, Stock Buybacks & Privatization; Mergers & Acquisitions, Corporate & State Sovereign Wealth Funds; Blockchain, Cryptocurrencies, and Digital Finance; Portfolio Management, Asset Allocation & Foreign Direct Investments; Real Estate Finance, REITs, and Crowdfunding; Risk Management, Debt, Insurance & Reinsurance; Sovereign Wealth Funds, Hedge Funds, ETFs & Mutual Funds; Sustainability, Corporate Social Responsibility & Ethics"
"2025 International Symposium on Climate, Finance, and Sustainability (ISCFS-2025)",2025-04-20,2025-06-19,2025-06-20,"House of Management Science, Paris Pantheon-Assas University, Paris, France",N/A,"All aspects of energy transition, environmental sustainability, banking, climate finance, financial markets, and the macroeconomy; includes Carbon Finance and Taxes; Climate Finance; Climate Negotiations and Scenarios; Climate Risk and Disclosures; Climate-resilient Economies; Energy Derivatives: Pricing and Hedging; Energy Markets: Modeling, and Forecasting; Energy, Environment, and Climate Models; Financial and Economic Analysis of Energy Markets; Financial Regulation of Energy and Environmental Markets; Green Finance and Sustainable Investment; Just Energy Transition; Macroeconomic Implications of Net-Zero Carbon Emissions; Natural Resources, Risk, Welfare and Social Preferences; Renewable Energy Regulation and Energy Governance; Role of Financial Institutions in Sustainability."
ESSEC-Luxembourg-CEPR Conference on Sustainable Financial Intermediation,2025-04-14,2025-07-16,2025-07-17,"Novotel Reims Tinqueux, Tinqueux, France (Route de Soissons, 51430 Tinqueux)",N/A,financial intermediation; household finance; corporate finance; green finance/assets financing; sustainability; housing markets
9th Shanghai-Edinburgh-London Conference Sustainable Finance in the Digital Era; and Special Issues of the British Accounting Review,2025-04-15,2025-05-17,2025-05-17,Shanghai and Online,N/A,"The use of AI and machine learning in ESG investment strategies, sustainability disclosures, and climate risk modelling; Blockchain applications in carbon markets, green bonds and regulatory compliance; Corporate governance challenges, greenwashing detection and market responses to ESG commitments; The role of digital finance, decentralised finance (DeFi) and emerging technologies in supporting a low-carbon transition; Policy frameworks and regulatory challenges shaping the adoption of sustainable finance in developed and emerging markets"
"2025 Vietnam Symposium in Entrepreneurship, Finance, and Innovation (VSEFI2025)",2025-04-30,2025-07-10,2025-07-11,"Hanoi, Vietnam (Mövenpick Living West)",0 USD (no submission fee),"AI, Big Data, and Machine Learning Applications in Finance; Asset Pricing; Bankruptcy and Liquidation; Biodiversity Finance; Climate Finance; Corporate Finance and Governance; Corporate Responsibility and Sustainability; Crypto Assets and Decentralized Finance; Digital Finance; ESG and Sustainable Finance; Financial Markets; Green Cryptocurrencies; Household Finance; Information Disclosure, Market Efficiency, and Transparency; Portfolio and Investment Decisions; Business Model Innovation; Corporate Digital Transformation; Crowdfunding and P2P Lending; Entrepreneurship, Intrapreneurship, and Innovation; Entrepreneurship in Emerging and Transition Markets; Family-Owned Businesses and Governance; Governance and Financing of High-Tech Firms; New Venture Creation and Performance; Social and Sustainable Entrepreneurship; Startups, SMEs, and Resource Allocation; Venture Financing and Entrepreneurial Growth; Digital Human Resources; Digital Innovation, Knowledge Management, and Entrepreneurship; Electronic Markets and Trading Platforms; FinTech and Alternative Finance; Innovation Management and Growth Strategies; Sustainability in the Digital Economy"
20th Central Bank Conference on the Microstructure of Financial Markets,2025-03-31,2025-09-11,2025-09-12,Hong Kong,N/A,"AI and market microstructure (AI-driven trading algorithms and market quality; AI predictive analytics and their impact on market efficiency; Applications of AI in market making and liquidity provision; Implications of AI for market microstructure design); Financial Innovation and Settlement Cycles (technology and financial innovation shaping settlement cycles; alternative settlement cycles and financial stability; impact of alternative settlement cycles on liquidity, volatility, price efficiency and informativeness); Decentralised Finance and the Digital Asset Ecosystem (asset tokenisation and liquidity/price discovery implications; market fragmentation and information asymmetry in digital-asset markets; decentralised finance: market making, trading mechanisms, market efficiency, regulatory developments; price dynamics and liquidity in stablecoin markets; stablecoin design and peg stability)"
Financial Regulation and RegTech Forum,2025-03-30,2025-05-16,2025-05-18,"Beihang University (Xueyuan Road Campus), Beijing, China",RMB 2000 for non-students; RMB 1000 for students,"Methods and technologies for intelligent monitoring and discovery of abnormal trading behaviors in the securities market; Financial fraud detection methods; Methods for identifying and monitoring illicit financial activities and regulatory technologies; New approaches to financial risk assessment, such as the application of big data and AI methods in risk management; New measurement methods and early warning techniques for financial systemic risk; New methods and technologies for credit risk assessment and credit scoring; Liquidity risk measurement methodology; Supply chain finance in the era of big data; The development of fintech and its impact; Fintech product and institutional risk monitoring; Application and innovation of large language models and generative AI in the financial sector; Interpretable AI; Model risk and model risk assessment methodology; AI approaches in the financial sector and their impact on financial stability; Blockchain technology and its application in financial regulation; Risk identification and monitoring methods for virtual currencies; Key technical facilities in the banking industry; Finance of science and technology; Digital finance"
Northern Finance Association 2025 Annual Meeting,2025-03-17,2025-09-19,2025-09-21,"Calgary, Alberta, Canada",CAD 50 per paper (waived for papers authored exclusively by PhD students),Any topic related to finance
Fourth Oxford Sustainable Private Markets Conference,2025-04-30,2025-09-15,2025-09-15,"Saïd Business School, University of Oxford, Park End Street, Oxford, OX1 1HP, UK",0 USD (no submission fee),"ESG in private markets (private equity, private debt, real assets)"
New Perspectives on Consumer Behavior in Credit and Payments Markets Conference,2025-07-01,2025-11-06,2025-11-07,Federal Reserve Bank of Philadelphia,N/A,household debt and default; fintech; financial literacy; regulation; linkages between consumer credit and the real economy; innovations in household payments
6th LTI@UniTO/Bank of Italy Workshop on Long-term investors’ trends: theory and practice,2025-04-27,2025-06-17,2025-06-17,"Collegio Carlo Alberto, Turin, Italy",N/A,"Long-term investors’ strategies and behavior in times of geopolitical fragmentation, rising protectionism and technological breakthroughs; Shifting equilibria in government bond markets driven by quantitative tightening, rising indebtedness and macroeconomic uncertainty; The evolution of sustainable investment strategies and greenlash risks; Challenges for long-term investors stemming from increasing equity market concentration; The rising importance of non-bank investors in credit intermediation and its consequences for the transmission of monetary policy; The rise of cryptocurrencies, emerging financial technologies (fintech) and their impact on investment strategies; Emerging trends in asset allocation and risk management for long-term investors, including insurance companies, pension funds, and mutual funds; Shock transmission mechanisms from the real economy to financial institutions and the amplification of shocks through credit chains, fire sales, and other procyclical processes; The use of big data and artificial intelligence to assess and manage exposure to risk factors; Innovations in financial markets and opportunities for financial institutions; The effects of the demographic transitions on financial markets and the role of long-term investors in tackling them"
Politics in Finance 2025 Conference,2025-04-30,2025-09-05,2025-09-06,"Georgetown University campus, Washington DC",$75 USD,The role of political connections and political ideologies in shaping capital market forces; How political ideologies affect the decision making by firms and workers; Political connections and corruption in developing economies; The political economy of financial development; The interaction between government and financial institutions; Implications of political uncertainty and political connections for asset prices and corporate policies; Political economy of financial regulation and financial crises
"10th RiskLab Finland, Bank of Finland and European Systemic Risk Board Joint Conference on AI and Systemic Risk Analytics",2025-03-17,2025-06-27,2025-06-28,"Bank of Finland, Helsinki",Free of charge,Use of Large Language Models (LLM) and trustworthy AI; AI and changing interdependencies in the financial markets; Cyber security and operational risks as sources of systemic risk; AI and Quantum Computing as potential source of new systemic risks; Use of AI with big data for systemic risk analytics; Risks and opportunities stemming from disruptive innovations in FinTech; Using systemic risk analytics to support macro-prudential policy and regulation; Analysing emerging risks from interconnectedness of the financial system; Identifying risks from market-based finance; Evidence of macroprudential policy measures; Economic policies in the turbulent and uncertain times
2025 USTC Alumni Finance Conference,2025-03-31,2025-07-03,2025-07-04,"Hefei, China",No submission fee,Finance related topics
